sequence,label
TTGACAAAAAGAGTATTGACTTAAAGTCTAACCTATAGGATACTTACAGCCATCGAGAGGGACACGGCGAATAGCCATCCCAATCGAAGC,1
TTGACAGCTAGCTCAGTCCTAGGTATAATGCTAGCACTGCTTTTCTCGACTAACTAAAGGAGCCCGGCATCAAATTGAGATTCTAC,1
TTGACATTCGCACAACTTGCAATGTAGGTTTTAACTTCTTTGCGCAACGCATTTTTGTGCAAAAACGCCTGATCCGGTAATAAACAC,1
TTGACATTTAATGATAATGTATTTTACACAATTTGCAATTCAGTACAGACGTAATCAGCAAATTGTGAACGTATTGTCGCGTAAGAAG,1
TTGACATTTTTGCCGCAGCGGCGTGCAGTTTTTTCGCCACTGGCAGTAGCGGCGCGATAAGCGTGCGCATAAAAAAACCAGCAGCGGC,1
TTGACGACTGCACGGTGCGAACTGTGCGTTATAACAAAAGTGCGCCGCATCACCTGCGTCGCGCGTGTGCGCAAAAAATCGGCGACGG,1
TTGACGCTTGACGCGTTTGCCGACTACCCTGCCGCTTACGCGTCGCGCCATCGCCGCTGGCGCGTTCTCGCGCAAGACGGGCTCTCTG,1
TTGACGGCTAGCTCAGTCCTAGGTACAGTGCTAGCTACTAGAGAAAGAGGAGAAATACTAGATGACCATGATTACGGATTCACTGGCC,1
TTGACGGCTAGCTCAGTCCTAGGTACAGTGCTAGCTACTGTAGAGAAAGAGGAGAAATACTAGATGACCATGATTACGGATTCACTGG,1
TTGACGGCTAGCTCAGTCCTAGGTATAGTGCTAGCGCTAGAGAAAGAGGAGAAATACTAGATGACCATGATTACGGATTCACTGGCCA,1
TTGACGTTTGACATATTTGAACAACGTTTCAATTTTTGCGTAGATTTTCCAGCTAGATTTAGAATTAATCAACGCAAGGTAAGCCCGC,1
TTGACTGTGAGCGGATAACAATTTCACACAGGAAACAGCTATGACCATGATTACGGATTCACTGGCCGTCGTTTTACAACGTCGTGAC,1
TTGACTTTACACTTTATGCTTCCGGCTCGTATAATGTGTGGAATTGTGAGCGGATAACAATTTCACACAGGAAACAGCTATGACCATG,1
TTGACTTTCTGGTATGATAGATTTAAAGTCTTTGTTACGTGAAACATCTTGATAATCTTATCTGAATTAGCGTTGAGGCTTGCGATGA,1
TTGAGACTGCCGCTGAGTTATCAGCTGTGAACGACATTCTGGCGTCTATCGGTGAACCTCCGGTATCAACGCTGGAAGGTGACGCTAA,1
TTGAGCAAAACAAACTCATCTGAGAGTGAGATATGGCTCGAGTAGGTCGTAATAGCGAAGAGGCCCGCACCGATCGCCCTTCCCAACA,1
TTGAGCACATCAGCAGGACGCACTGACCACCGTATGACGTGCAATAATTGTTGTTGATTAACTTTAATAAAATTGATATTTGCATGGC,1
TTGAGCGCAACGCAATTAATGTGAGTTAGCTCACTCATTAGGCACCCCAGGCTTTACACTTTATGCTTCCGGCTCGTATGTTGTGTGG,1
TTGCGCAACGCATTTTTGTGCAAAAACGCCTGATCCGGTAATAAACACCCTGATTCCGCAGTTTCTGGCTGAGTGGTGCCGGAACCTC,1
TTGCGCGCAACGCATTTTTGTGCAAAAACGCCTGATCCGGTAATAAACACCCTGATTCCGCAGTTTCTGGCTGAGTGGTGCCGGAACC,1
ATGCATGCATGCATGCATGCATGCATGCATGCATGCATGCATGCATGCATGCATGCATGCATGCATGCATGCATGCATGCATGCATGC,0
CGCTGACCTGTTGGAGTGCGACATCAGTGCAGCGGTCACTTGCGAGAGGCGGTCACTTGCGAGAGGCGGTCACTTGCGAGAGGCGGTC,0
GTCACTTGCGAGAGGCGGTCACTTGCGAGAGGCGGTCACTTGCGAGAGGCGGTCACTTGCGAGAGGCGGTCACTTGCGAGAGGCGGTC,0
TCACTTGCGAGAGGCGGTCACTTGCGAGAGGCGGTCACTTGCGAGAGGCGGTCACTTGCGAGAGGCGGTCACTTGCGAGAGGCGGTCA,0
CACTTGCGAGAGGCGGTCACTTGCGAGAGGCGGTCACTTGCGAGAGGCGGTCACTTGCGAGAGGCGGTCACTTGCGAGAGGCGGTCAC,0
ACTTGCGAGAGGCGGTCACTTGCGAGAGGCGGTCACTTGCGAGAGGCGGTCACTTGCGAGAGGCGGTCACTTGCGAGAGGCGGTCACT,0
CTTGCGAGAGGCGGTCACTTGCGAGAGGCGGTCACTTGCGAGAGGCGGTCACTTGCGAGAGGCGGTCACTTGCGAGAGGCGGTCACTT,0
TTGCGAGAGGCGGTCACTTGCGAGAGGCGGTCACTTGCGAGAGGCGGTCACTTGCGAGAGGCGGTCACTTGCGAGAGGCGGTCACTTG,0
TGCGAGAGGCGGTCACTTGCGAGAGGCGGTCACTTGCGAGAGGCGGTCACTTGCGAGAGGCGGTCACTTGCGAGAGGCGGTCACTTGC,0
GCGAGAGGCGGTCACTTGCGAGAGGCGGTCACTTGCGAGAGGCGGTCACTTGCGAGAGGCGGTCACTTGCGAGAGGCGGTCACTTGCG,0